{"cameraMode":{"drawMode":0,"name":"Shaded","section":"Shading Mode"},"sceneLighting":true,"audioPlay":false,"sceneViewState":{"m_AlwaysRefresh":false,"showFog":true,"showSkybox":true,"showFlares":true,"showImageEffects":true,"showParticleSystems":true,"showVisualEffectGraphs":true,"m_FxEnabled":true},"in2DMode":false,"pivot":{"x":481.3820495605469,"y":337.7512512207031,"z":-286.1934814453125},"rotation":{"x":0.04797971621155739,"y":0.008989609777927399,"z":-0.0004319306754041463,"w":0.9988093972206116},"size":168.3826446533203,"orthographic":false}