{"cameraMode":{"drawMode":0,"name":"Shaded","section":"Shading Mode"},"sceneLighting":true,"audioPlay":false,"sceneViewState":{"m_AlwaysRefresh":false,"showFog":true,"showSkybox":true,"showFlares":true,"showImageEffects":true,"showParticleSystems":true,"showVisualEffectGraphs":true,"m_FxEnabled":true},"in2DMode":false,"pivot":{"x":104.32783508300781,"y":0.49791860580444338,"z":74.04662322998047},"rotation":{"x":0.13988043367862702,"y":0.6493815779685974,"z":-0.12320632487535477,"w":0.737267792224884},"size":24.896953582763673,"orthographic":false}