{"cameraMode":{"drawMode":0,"name":"Shaded","section":"Shading Mode"},"sceneLighting":true,"audioPlay":false,"sceneViewState":{"m_AlwaysRefresh":false,"showFog":true,"showSkybox":true,"showFlares":true,"showImageEffects":true,"showParticleSystems":true,"showVisualEffectGraphs":true,"m_FxEnabled":true},"in2DMode":false,"pivot":{"x":74.75518798828125,"y":-20.237680435180665,"z":129.83702087402345},"rotation":{"x":-0.23310530185699464,"y":0.04315847530961037,"z":-0.010391414165496827,"w":-0.971471905708313},"size":38.13612747192383,"orthographic":false}