{"cameraMode":{"drawMode":0,"name":"Shaded","section":"Shading Mode"},"sceneLighting":true,"audioPlay":false,"sceneViewState":{"m_AlwaysRefresh":false,"showFog":true,"showSkybox":true,"showFlares":true,"showImageEffects":true,"showParticleSystems":true,"showVisualEffectGraphs":true,"m_FxEnabled":true},"in2DMode":false,"pivot":{"x":52.11763381958008,"y":0.9904253482818604,"z":65.85575103759766},"rotation":{"x":0.029595786705613138,"y":-0.7984059453010559,"z":0.03779647871851921,"w":0.6007273197174072},"size":6.533390045166016,"orthographic":false}