{"cameraMode":{"drawMode":0,"name":"Shaded","section":"Shading Mode"},"sceneLighting":true,"audioPlay":false,"sceneViewState":{"m_AlwaysRefresh":false,"showFog":true,"showSkybox":true,"showFlares":true,"showImageEffects":true,"showParticleSystems":true,"showVisualEffectGraphs":true,"m_FxEnabled":true},"in2DMode":false,"pivot":{"x":57.193016052246097,"y":17.624418258666993,"z":60.475616455078128},"rotation":{"x":0.0894964262843132,"y":0.5893509984016419,"z":-0.06785517930984497,"w":0.8004733324050903},"size":9.713410377502442,"orthographic":false}