{"cameraMode":{"drawMode":0,"name":"Shaded","section":"Shading Mode"},"sceneLighting":true,"audioPlay":false,"sceneViewState":{"m_AlwaysRefresh":false,"showFog":true,"showSkybox":true,"showFlares":true,"showImageEffects":true,"showParticleSystems":true,"showVisualEffectGraphs":true,"m_FxEnabled":true},"in2DMode":false,"pivot":{"x":81.0706787109375,"y":0.050563931465148929,"z":70.44973754882813},"rotation":{"x":0.0166271161288023,"y":-0.7973772883415222,"z":0.023161107674241067,"w":0.6032702326774597},"size":10.365612983703614,"orthographic":false}