{"cameraMode":{"drawMode":0,"name":"Shaded","section":"Shading Mode"},"sceneLighting":true,"audioPlay":false,"sceneViewState":{"m_AlwaysRefresh":false,"showFog":true,"showSkybox":true,"showFlares":true,"showImageEffects":true,"showParticleSystems":true,"showVisualEffectGraphs":true,"m_FxEnabled":true},"in2DMode":false,"pivot":{"x":73.58341979980469,"y":-3.344290256500244,"z":27.561100006103517},"rotation":{"x":-0.001440553111024201,"y":0.9960259795188904,"z":-0.08992291986942291,"w":-0.031448133289813998},"size":25.37397003173828,"orthographic":false}