{"cameraMode":{"drawMode":0,"name":"Shaded","section":"Shading Mode"},"sceneLighting":true,"audioPlay":false,"sceneViewState":{"m_AlwaysRefresh":false,"showFog":true,"showSkybox":true,"showFlares":true,"showImageEffects":true,"showParticleSystems":true,"showVisualEffectGraphs":true,"m_FxEnabled":true},"in2DMode":false,"pivot":{"x":51.060211181640628,"y":-6.163547039031982,"z":72.12757110595703},"rotation":{"x":0.10052873939275742,"y":-0.6920279860496521,"z":0.09829460084438324,"w":0.7087491154670715},"size":24.633127212524415,"orthographic":false}