{"cameraMode":{"drawMode":0,"name":"Shaded","section":"Shading Mode"},"sceneLighting":true,"audioPlay":false,"sceneViewState":{"m_AlwaysRefresh":false,"showFog":true,"showSkybox":true,"showFlares":true,"showImageEffects":true,"showParticleSystems":true,"showVisualEffectGraphs":true,"m_FxEnabled":true},"in2DMode":false,"pivot":{"x":33.71099090576172,"y":1.4603980779647828,"z":16.469802856445314},"rotation":{"x":0.0015324139967560769,"y":0.9982755780220032,"z":-0.053963590413331988,"w":0.03186881169676781},"size":23.339635848999025,"orthographic":false}