{"cameraMode":{"drawMode":0,"name":"Shaded","section":"Shading Mode"},"sceneLighting":true,"audioPlay":false,"sceneViewState":{"m_AlwaysRefresh":false,"showFog":true,"showSkybox":true,"showFlares":true,"showImageEffects":true,"showParticleSystems":true,"showVisualEffectGraphs":true,"m_FxEnabled":true},"in2DMode":false,"pivot":{"x":86.29301452636719,"y":-0.9145728945732117,"z":60.53678894042969},"rotation":{"x":0.049634817987680438,"y":0.9242031574249268,"z":-0.1251693218946457,"w":0.35866841673851015},"size":4.599851131439209,"orthographic":false}