{"cameraMode":{"drawMode":0,"name":"Shaded","section":"Shading Mode"},"sceneLighting":true,"audioPlay":false,"sceneViewState":{"m_AlwaysRefresh":false,"showFog":true,"showSkybox":true,"showFlares":true,"showImageEffects":true,"showParticleSystems":true,"showVisualEffectGraphs":true,"m_FxEnabled":true},"in2DMode":false,"pivot":{"x":33.23440170288086,"y":-15.202203750610352,"z":14.880339622497559},"rotation":{"x":0.02424120157957077,"y":-0.9308413863182068,"z":0.3599393665790558,"w":0.06157708913087845},"size":12.560239791870118,"orthographic":false}